"","SettlementPoint","Year","Month","AveragePrice"
"1","HB_BUSAVG",2016,1,19.2093010752688
"2","HB_BUSAVG",2016,2,15.2882471264368
"3","HB_BUSAVG",2016,3,16.7556258411844
"4","HB_BUSAVG",2016,4,18.2893472222222
"5","HB_BUSAVG",2016,5,18.1595833333333
"6","HB_BUSAVG",2016,6,23.9098194444444
"7","HB_BUSAVG",2016,7,27.1874731182796
"8","HB_BUSAVG",2016,8,30.5671370967742
"9","HB_BUSAVG",2016,9,26.86175
"10","HB_BUSAVG",2016,10,25.2048387096774
"11","HB_BUSAVG",2016,11,19.2449027777778
"12","HB_BUSAVG",2016,12,25.3183064516129
"13","HB_BUSAVG",2017,1,23.2527822580645
"14","HB_BUSAVG",2017,2,20.1178273809524
"15","HB_BUSAVG",2017,3,22.5698923283984
"16","HB_BUSAVG",2017,4,23.7050833333333
"17","HB_BUSAVG",2017,5,25.0873521505376
"18","HB_BUSAVG",2017,6,27.6691527777778
"19","HB_BUSAVG",2017,7,31.4542741935484
"20","HB_BUSAVG",2017,8,27.5070161290323
"21","HB_BUSAVG",2017,9,24.1841666666667
"22","HB_BUSAVG",2017,10,23.5632795698925
"23","HB_BUSAVG",2017,11,22.6774583333333
"24","HB_BUSAVG",2017,12,21.1879569892473
"25","HB_BUSAVG",2018,1,37.8696774193548
"26","HB_BUSAVG",2018,2,21.8543154761905
"27","HB_BUSAVG",2018,3,22.5619784656797
"28","HB_BUSAVG",2018,4,23.1429583333333
"29","HB_BUSAVG",2018,5,34.0052419354839
"30","HB_BUSAVG",2018,6,29.966125
"31","HB_BUSAVG",2018,7,78.8594489247312
"32","HB_BUSAVG",2018,8,31.6615591397849
"33","HB_BUSAVG",2018,9,27.1754444444444
"34","HB_BUSAVG",2018,10,29.9578225806452
"35","HB_BUSAVG",2018,11,30.6445
"36","HB_BUSAVG",2018,12,30.268185483871
"37","HB_BUSAVG",2019,1,24.5925672043011
"38","HB_BUSAVG",2019,2,21.186369047619
"39","HB_BUSAVG",2019,3,27.5657200538358
"40","HB_BUSAVG",2019,4,22.6131805555556
"41","HB_BUSAVG",2019,5,23.9599327956989
"42","HB_BUSAVG",2019,6,25.0855416666667
"43","HB_BUSAVG",2019,7,29.729623655914
"44","HB_BUSAVG",2019,8,126.384086021505
"45","HB_BUSAVG",2019,9,79.615625
"46","HB_BUSAVG",2019,10,28.2470564516129
"47","HB_BUSAVG",2019,11,23.468375
"48","HB_BUSAVG",2019,12,18.7150806451613
"49","HB_HOUSTON",2016,1,19.5657258064516
"50","HB_HOUSTON",2016,2,15.4645402298851
"51","HB_HOUSTON",2016,3,17.1249528936743
"52","HB_HOUSTON",2016,4,18.9409583333333
"53","HB_HOUSTON",2016,5,19.1740860215054
"54","HB_HOUSTON",2016,6,26.2557361111111
"55","HB_HOUSTON",2016,7,29.5389247311828
"56","HB_HOUSTON",2016,8,32.9725403225806
"57","HB_HOUSTON",2016,9,28.7424166666667
"58","HB_HOUSTON",2016,10,28.2495564516129
"59","HB_HOUSTON",2016,11,20.3659305555556
"60","HB_HOUSTON",2016,12,25.7276612903226
"61","HB_HOUSTON",2017,1,24.7818548387097
"62","HB_HOUSTON",2017,2,23.2657142857143
"63","HB_HOUSTON",2017,3,28.2132974427995
"64","HB_HOUSTON",2017,4,32.2957361111111
"65","HB_HOUSTON",2017,5,31.5331720430108
"66","HB_HOUSTON",2017,6,33.1683472222222
"67","HB_HOUSTON",2017,7,34.3758333333333
"68","HB_HOUSTON",2017,8,29.4017204301075
"69","HB_HOUSTON",2017,9,26.5429444444444
"70","HB_HOUSTON",2017,10,30.1412365591398
"71","HB_HOUSTON",2017,11,26.0910555555556
"72","HB_HOUSTON",2017,12,21.5490053763441
"73","HB_HOUSTON",2018,1,37.9447849462366
"74","HB_HOUSTON",2018,2,22.1641071428571
"75","HB_HOUSTON",2018,3,23.7825437415882
"76","HB_HOUSTON",2018,4,24.6526944444444
"77","HB_HOUSTON",2018,5,34.1475537634409
"78","HB_HOUSTON",2018,6,30.6284861111111
"79","HB_HOUSTON",2018,7,79.0340456989247
"80","HB_HOUSTON",2018,8,31.944247311828
"81","HB_HOUSTON",2018,9,27.5813611111111
"82","HB_HOUSTON",2018,10,30.981935483871
"83","HB_HOUSTON",2018,11,31.3192361111111
"84","HB_HOUSTON",2018,12,30.3335483870968
"85","HB_HOUSTON",2019,1,25.4260349462366
"86","HB_HOUSTON",2019,2,21.5078125
"87","HB_HOUSTON",2019,3,27.8320323014805
"88","HB_HOUSTON",2019,4,23.8706527777778
"89","HB_HOUSTON",2019,5,24.7942741935484
"90","HB_HOUSTON",2019,6,26.8976805555556
"91","HB_HOUSTON",2019,7,29.9110080645161
"92","HB_HOUSTON",2019,8,126.625336021505
"93","HB_HOUSTON",2019,9,80.5876527777778
"94","HB_HOUSTON",2019,10,30.3936021505376
"95","HB_HOUSTON",2019,11,24.0215
"96","HB_HOUSTON",2019,12,18.6725
"97","HB_HUBAVG",2016,1,19.2586962365591
"98","HB_HUBAVG",2016,2,15.2692528735632
"99","HB_HUBAVG",2016,3,16.6543472409152
"100","HB_HUBAVG",2016,4,18.1668611111111
"101","HB_HUBAVG",2016,5,18.247002688172
"102","HB_HUBAVG",2016,6,24.2978472222222
"103","HB_HUBAVG",2016,7,27.4592069892473
"104","HB_HUBAVG",2016,8,30.9485349462366
"105","HB_HUBAVG",2016,9,27.1881388888889
"106","HB_HUBAVG",2016,10,25.7690591397849
"107","HB_HUBAVG",2016,11,19.4893055555556
"108","HB_HUBAVG",2016,12,25.3625940860215
"109","HB_HUBAVG",2017,1,23.3255510752688
"110","HB_HUBAVG",2017,2,20.3521279761905
"111","HB_HUBAVG",2017,3,23.2332301480485
"112","HB_HUBAVG",2017,4,24.8304861111111
"113","HB_HUBAVG",2017,5,25.9050268817204
"114","HB_HUBAVG",2017,6,28.5138472222222
"115","HB_HUBAVG",2017,7,31.8644086021505
"116","HB_HUBAVG",2017,8,27.8386155913979
"117","HB_HUBAVG",2017,9,24.5196944444444
"118","HB_HUBAVG",2017,10,24.7014516129032
"119","HB_HUBAVG",2017,11,23.1671388888889
"120","HB_HUBAVG",2017,12,21.2098521505376
"121","HB_HUBAVG",2018,1,37.7730376344086
"122","HB_HUBAVG",2018,2,21.8300595238095
"123","HB_HUBAVG",2018,3,22.4034320323015
"124","HB_HUBAVG",2018,4,22.4503055555556
"125","HB_HUBAVG",2018,5,32.8348521505376
"126","HB_HUBAVG",2018,6,29.7818611111111
"127","HB_HUBAVG",2018,7,78.8323252688172
"128","HB_HUBAVG",2018,8,31.6945833333333
"129","HB_HUBAVG",2018,9,27.0530277777778
"130","HB_HUBAVG",2018,10,29.8891129032258
"131","HB_HUBAVG",2018,11,30.2772083333333
"132","HB_HUBAVG",2018,12,30.1919892473118
"133","HB_HUBAVG",2019,1,24.6834005376344
"134","HB_HUBAVG",2019,2,21.2506398809524
"135","HB_HUBAVG",2019,3,27.1890309555855
"136","HB_HUBAVG",2019,4,22.2211666666667
"137","HB_HUBAVG",2019,5,23.8837634408602
"138","HB_HUBAVG",2019,6,25.1715416666667
"139","HB_HUBAVG",2019,7,29.6962365591398
"140","HB_HUBAVG",2019,8,126.349838709677
"141","HB_HUBAVG",2019,9,79.4591944444444
"142","HB_HUBAVG",2019,10,28.1317607526882
"143","HB_HUBAVG",2019,11,23.2572361111111
"144","HB_HUBAVG",2019,12,18.623373655914
"145","HB_NORTH",2016,1,19.1333064516129
"146","HB_NORTH",2016,2,15.292658045977
"147","HB_NORTH",2016,3,16.8593674293405
"148","HB_NORTH",2016,4,18.3506666666667
"149","HB_NORTH",2016,5,17.9056317204301
"150","HB_NORTH",2016,6,23.1580555555556
"151","HB_NORTH",2016,7,26.8007930107527
"152","HB_NORTH",2016,8,29.8283870967742
"153","HB_NORTH",2016,9,26.2491805555556
"154","HB_NORTH",2016,10,24.0052553763441
"155","HB_NORTH",2016,11,18.6648888888889
"156","HB_NORTH",2016,12,25.1490456989247
"157","HB_NORTH",2017,1,22.9918548387097
"158","HB_NORTH",2017,2,19.4481994047619
"159","HB_NORTH",2017,3,21.2277792732167
"160","HB_NORTH",2017,4,21.4105555555556
"161","HB_NORTH",2017,5,23.4199193548387
"162","HB_NORTH",2017,6,25.8905694444444
"163","HB_NORTH",2017,7,30.654314516129
"164","HB_NORTH",2017,8,26.8327284946237
"165","HB_NORTH",2017,9,23.3461111111111
"166","HB_NORTH",2017,10,21.4059005376344
"167","HB_NORTH",2017,11,21.5962083333333
"168","HB_NORTH",2017,12,20.952997311828
"169","HB_NORTH",2018,1,37.5859005376344
"170","HB_NORTH",2018,2,21.7670238095238
"171","HB_NORTH",2018,3,22.6080080753701
"172","HB_NORTH",2018,4,23.5229166666667
"173","HB_NORTH",2018,5,35.3061424731183
"174","HB_NORTH",2018,6,30.2118888888889
"175","HB_NORTH",2018,7,78.9684543010753
"176","HB_NORTH",2018,8,31.6030510752688
"177","HB_NORTH",2018,9,27.2996388888889
"178","HB_NORTH",2018,10,30.0341666666667
"179","HB_NORTH",2018,11,31.2348888888889
"180","HB_NORTH",2018,12,30.3982661290323
"181","HB_NORTH",2019,1,24.3326344086021
"182","HB_NORTH",2019,2,20.8649553571429
"183","HB_NORTH",2019,3,28.1037146702557
"184","HB_NORTH",2019,4,22.9974027777778
"185","HB_NORTH",2019,5,23.9788844086022
"186","HB_NORTH",2019,6,25.1758194444444
"187","HB_NORTH",2019,7,29.7812903225806
"188","HB_NORTH",2019,8,126.52185483871
"189","HB_NORTH",2019,9,79.9195833333333
"190","HB_NORTH",2019,10,27.9959677419355
"191","HB_NORTH",2019,11,23.6286111111111
"192","HB_NORTH",2019,12,18.7319892473118
"193","HB_PAN",2019,4,16.5487666666667
"194","HB_PAN",2019,5,16.4143279569892
"195","HB_PAN",2019,6,20.7313194444444
"196","HB_PAN",2019,7,28.3845698924731
"197","HB_PAN",2019,8,124.991733870968
"198","HB_PAN",2019,9,72.8532916666667
"199","HB_PAN",2019,10,18.7167607526882
"200","HB_PAN",2019,11,11.6612916666667
"201","HB_PAN",2019,12,8.81724462365591
"202","HB_SOUTH",2016,1,19.2100537634409
"203","HB_SOUTH",2016,2,15.333591954023
"204","HB_SOUTH",2016,3,16.7631090174966
"205","HB_SOUTH",2016,4,18.5129027777778
"206","HB_SOUTH",2016,5,18.5704569892473
"207","HB_SOUTH",2016,6,24.645375
"208","HB_SOUTH",2016,7,26.9602553763441
"209","HB_SOUTH",2016,8,31.2079704301075
"210","HB_SOUTH",2016,9,27.4055694444444
"211","HB_SOUTH",2016,10,26.6896639784946
"212","HB_SOUTH",2016,11,20.1488333333333
"213","HB_SOUTH",2016,12,25.7089919354839
"214","HB_SOUTH",2017,1,23.624811827957
"215","HB_SOUTH",2017,2,21.0793601190476
"216","HB_SOUTH",2017,3,23.6807537012113
"217","HB_SOUTH",2017,4,25.6094027777778
"218","HB_SOUTH",2017,5,26.4950134408602
"219","HB_SOUTH",2017,6,29.6546944444444
"220","HB_SOUTH",2017,7,32.1294623655914
"221","HB_SOUTH",2017,8,28.3150268817204
"222","HB_SOUTH",2017,9,25.5150972222222
"223","HB_SOUTH",2017,10,25.5636559139785
"224","HB_SOUTH",2017,11,23.9771805555556
"225","HB_SOUTH",2017,12,21.9979166666667
"226","HB_SOUTH",2018,1,39.4981451612903
"227","HB_SOUTH",2018,2,22.3063988095238
"228","HB_SOUTH",2018,3,22.8884522207268
"229","HB_SOUTH",2018,4,24.4718888888889
"230","HB_SOUTH",2018,5,34.2260752688172
"231","HB_SOUTH",2018,6,30.0686388888889
"232","HB_SOUTH",2018,7,78.8473790322581
"233","HB_SOUTH",2018,8,31.6675268817204
"234","HB_SOUTH",2018,9,27.1898055555556
"235","HB_SOUTH",2018,10,29.7725134408602
"236","HB_SOUTH",2018,11,29.8371805555556
"237","HB_SOUTH",2018,12,30.0893010752688
"238","HB_SOUTH",2019,1,25.086061827957
"239","HB_SOUTH",2019,2,22.1256398809524
"240","HB_SOUTH",2019,3,27.1355585464334
"241","HB_SOUTH",2019,4,22.4633333333333
"242","HB_SOUTH",2019,5,24.0599462365591
"243","HB_SOUTH",2019,6,23.9043611111111
"244","HB_SOUTH",2019,7,29.6375
"245","HB_SOUTH",2019,8,125.936545698925
"246","HB_SOUTH",2019,9,78.9004722222222
"247","HB_SOUTH",2019,10,29.4684005376344
"248","HB_SOUTH",2019,11,23.7185555555556
"249","HB_SOUTH",2019,12,18.9525134408602
"250","HB_WEST",2016,1,19.1265591397849
"251","HB_WEST",2016,2,14.9886637931034
"252","HB_WEST",2016,3,15.871668909825
"253","HB_WEST",2016,4,16.86275
"254","HB_WEST",2016,5,17.3376747311828
"255","HB_WEST",2016,6,23.1419305555556
"256","HB_WEST",2016,7,26.543561827957
"257","HB_WEST",2016,8,29.7867338709677
"258","HB_WEST",2016,9,26.35425
"259","HB_WEST",2016,10,24.113938172043
"260","HB_WEST",2016,11,18.7784166666667
"261","HB_WEST",2016,12,24.8626612903226
"262","HB_WEST",2017,1,21.9017204301075
"263","HB_WEST",2017,2,17.616681547619
"264","HB_WEST",2017,3,19.8135935397039
"265","HB_WEST",2017,4,19.9960972222222
"266","HB_WEST",2017,5,22.1666129032258
"267","HB_WEST",2017,6,25.3316944444444
"268","HB_WEST",2017,7,30.2936424731183
"269","HB_WEST",2017,8,26.8170430107527
"270","HB_WEST",2017,9,22.6788194444444
"271","HB_WEST",2017,10,21.6938306451613
"272","HB_WEST",2017,11,21.0017916666667
"273","HB_WEST",2017,12,20.3380376344086
"274","HB_WEST",2018,1,36.0516397849462
"275","HB_WEST",2018,2,21.0876041666667
"276","HB_WEST",2018,3,20.3336204576043
"277","HB_WEST",2018,4,17.156625
"278","HB_WEST",2018,5,27.6920161290323
"279","HB_WEST",2018,6,28.2770277777778
"280","HB_WEST",2018,7,78.5175537634409
"281","HB_WEST",2018,8,31.5601209677419
"282","HB_WEST",2018,9,26.1395972222222
"283","HB_WEST",2018,10,28.7613306451613
"284","HB_WEST",2018,11,28.71525
"285","HB_WEST",2018,12,29.9440053763441
"286","HB_WEST",2019,1,23.8815456989247
"287","HB_WEST",2019,2,20.4911607142857
"288","HB_WEST",2019,3,25.6696769851952
"289","HB_WEST",2019,4,19.551875
"290","HB_WEST",2019,5,22.7026612903226
"291","HB_WEST",2019,6,24.7085555555556
"292","HB_WEST",2019,7,29.4554704301075
"293","HB_WEST",2019,8,126.315282258065
"294","HB_WEST",2019,9,78.42925
"295","HB_WEST",2019,10,24.6681317204301
"296","HB_WEST",2019,11,21.6602638888889
"297","HB_WEST",2019,12,18.1364247311828
"298","LZ_AEN",2016,1,19.3246639784946
"299","LZ_AEN",2016,2,15.4482902298851
"300","LZ_AEN",2016,3,16.8550740242261
"301","LZ_AEN",2016,4,18.2560694444444
"302","LZ_AEN",2016,5,18.1249059139785
"303","LZ_AEN",2016,6,24.2375138888889
"304","LZ_AEN",2016,7,27.9761021505376
"305","LZ_AEN",2016,8,30.6995161290323
"306","LZ_AEN",2016,9,26.7108611111111
"307","LZ_AEN",2016,10,25.6229032258064
"308","LZ_AEN",2016,11,19.6400416666667
"309","LZ_AEN",2016,12,25.8701747311828
"310","LZ_AEN",2017,1,23.4044758064516
"311","LZ_AEN",2017,2,20.6053273809524
"312","LZ_AEN",2017,3,22.9970121130552
"313","LZ_AEN",2017,4,24.1180833333333
"314","LZ_AEN",2017,5,25.2938440860215
"315","LZ_AEN",2017,6,27.9166388888889
"316","LZ_AEN",2017,7,31.401438172043
"317","LZ_AEN",2017,8,27.4656182795699
"318","LZ_AEN",2017,9,24.6288055555556
"319","LZ_AEN",2017,10,24.0199059139785
"320","LZ_AEN",2017,11,23.0194444444444
"321","LZ_AEN",2017,12,21.0629301075269
"322","LZ_AEN",2018,1,38.8379838709677
"323","LZ_AEN",2018,2,21.9138839285714
"324","LZ_AEN",2018,3,22.2028263795424
"325","LZ_AEN",2018,4,22.1884861111111
"326","LZ_AEN",2018,5,33.1661693548387
"327","LZ_AEN",2018,6,30.286125
"328","LZ_AEN",2018,7,78.9513709677419
"329","LZ_AEN",2018,8,31.7321370967742
"330","LZ_AEN",2018,9,27.1673055555556
"331","LZ_AEN",2018,10,30.31
"332","LZ_AEN",2018,11,30.4680833333333
"333","LZ_AEN",2018,12,30.0947580645161
"334","LZ_AEN",2019,1,25.1079569892473
"335","LZ_AEN",2019,2,21.5138095238095
"336","LZ_AEN",2019,3,27.7421803499327
"337","LZ_AEN",2019,4,23.2703472222222
"338","LZ_AEN",2019,5,24.6762365591398
"339","LZ_AEN",2019,6,24.4167916666667
"340","LZ_AEN",2019,7,29.7090860215054
"341","LZ_AEN",2019,8,126.526922043011
"342","LZ_AEN",2019,9,80.1695972222222
"343","LZ_AEN",2019,10,29.2804435483871
"344","LZ_AEN",2019,11,24.4080138888889
"345","LZ_AEN",2019,12,19.0517069892473
"346","LZ_CPS",2016,1,19.3538440860215
"347","LZ_CPS",2016,2,15.5200143678161
"348","LZ_CPS",2016,3,16.8981830417227
"349","LZ_CPS",2016,4,19.0693611111111
"350","LZ_CPS",2016,5,18.4798655913979
"351","LZ_CPS",2016,6,24.9580694444444
"352","LZ_CPS",2016,7,27.9679569892473
"353","LZ_CPS",2016,8,31.3065725806452
"354","LZ_CPS",2016,9,28.13025
"355","LZ_CPS",2016,10,26.2502956989247
"356","LZ_CPS",2016,11,21.7146666666667
"357","LZ_CPS",2016,12,26.5964247311828
"358","LZ_CPS",2017,1,23.7725672043011
"359","LZ_CPS",2017,2,20.9194791666667
"360","LZ_CPS",2017,3,23.8615477792732
"361","LZ_CPS",2017,4,25.3379027777778
"362","LZ_CPS",2017,5,26.5370295698925
"363","LZ_CPS",2017,6,30.416
"364","LZ_CPS",2017,7,32.1152956989247
"365","LZ_CPS",2017,8,28.1375672043011
"366","LZ_CPS",2017,9,25.1366527777778
"367","LZ_CPS",2017,10,25.2759543010753
"368","LZ_CPS",2017,11,23.5725694444444
"369","LZ_CPS",2017,12,22.048373655914
"370","LZ_CPS",2018,1,41.312876344086
"371","LZ_CPS",2018,2,22.5173958333333
"372","LZ_CPS",2018,3,25.2892732166891
"373","LZ_CPS",2018,4,26.535375
"374","LZ_CPS",2018,5,36.0555913978495
"375","LZ_CPS",2018,6,30.7272777777778
"376","LZ_CPS",2018,7,79.124435483871
"377","LZ_CPS",2018,8,31.865685483871
"378","LZ_CPS",2018,9,27.5129861111111
"379","LZ_CPS",2018,10,31.6359677419355
"380","LZ_CPS",2018,11,32.0412083333333
"381","LZ_CPS",2018,12,30.3092204301075
"382","LZ_CPS",2019,1,26.7983333333333
"383","LZ_CPS",2019,2,24.110119047619
"384","LZ_CPS",2019,3,29.3516958277254
"385","LZ_CPS",2019,4,25.3635972222222
"386","LZ_CPS",2019,5,26.2460752688172
"387","LZ_CPS",2019,6,26.3912916666667
"388","LZ_CPS",2019,7,30.6671774193548
"389","LZ_CPS",2019,8,127.696209677419
"390","LZ_CPS",2019,9,82.4363472222222
"391","LZ_CPS",2019,10,33.5536021505376
"392","LZ_CPS",2019,11,25.5751388888889
"393","LZ_CPS",2019,12,19.9978629032258
"394","LZ_HOUSTON",2016,1,19.563938172043
"395","LZ_HOUSTON",2016,2,15.4879885057471
"396","LZ_HOUSTON",2016,3,17.2067294751009
"397","LZ_HOUSTON",2016,4,19.1289305555556
"398","LZ_HOUSTON",2016,5,19.9039919354839
"399","LZ_HOUSTON",2016,6,29.9150833333333
"400","LZ_HOUSTON",2016,7,29.9118682795699
"401","LZ_HOUSTON",2016,8,33.5635483870968
"402","LZ_HOUSTON",2016,9,29.0326805555556
"403","LZ_HOUSTON",2016,10,28.5458198924731
"404","LZ_HOUSTON",2016,11,20.4376805555556
"405","LZ_HOUSTON",2016,12,25.7368413978495
"406","LZ_HOUSTON",2017,1,24.8273655913979
"407","LZ_HOUSTON",2017,2,23.5172172619048
"408","LZ_HOUSTON",2017,3,28.7420053835801
"409","LZ_HOUSTON",2017,4,32.9670694444444
"410","LZ_HOUSTON",2017,5,32.3626478494624
"411","LZ_HOUSTON",2017,6,33.6689166666667
"412","LZ_HOUSTON",2017,7,34.7258333333333
"413","LZ_HOUSTON",2017,8,30.0314784946237
"414","LZ_HOUSTON",2017,9,27.4100277777778
"415","LZ_HOUSTON",2017,10,31.3393817204301
"416","LZ_HOUSTON",2017,11,26.339625
"417","LZ_HOUSTON",2017,12,21.9797849462366
"418","LZ_HOUSTON",2018,1,38.0449865591398
"419","LZ_HOUSTON",2018,2,22.3758482142857
"420","LZ_HOUSTON",2018,3,23.9334589502019
"421","LZ_HOUSTON",2018,4,24.7283472222222
"422","LZ_HOUSTON",2018,5,35.5330376344086
"423","LZ_HOUSTON",2018,6,31.8023472222222
"424","LZ_HOUSTON",2018,7,79.5665322580645
"425","LZ_HOUSTON",2018,8,32.159623655914
"426","LZ_HOUSTON",2018,9,27.7224166666667
"427","LZ_HOUSTON",2018,10,31.7811155913978
"428","LZ_HOUSTON",2018,11,31.7303333333333
"429","LZ_HOUSTON",2018,12,30.4620698924731
"430","LZ_HOUSTON",2019,1,25.5500806451613
"431","LZ_HOUSTON",2019,2,21.644255952381
"432","LZ_HOUSTON",2019,3,28.0803230148048
"433","LZ_HOUSTON",2019,4,24.2645833333333
"434","LZ_HOUSTON",2019,5,25.1536155913978
"435","LZ_HOUSTON",2019,6,27.2267361111111
"436","LZ_HOUSTON",2019,7,30.013064516129
"437","LZ_HOUSTON",2019,8,126.693387096774
"438","LZ_HOUSTON",2019,9,80.7792916666667
"439","LZ_HOUSTON",2019,10,30.6423790322581
"440","LZ_HOUSTON",2019,11,24.1816111111111
"441","LZ_HOUSTON",2019,12,18.9198521505376
"442","LZ_LCRA",2016,1,19.3174596774194
"443","LZ_LCRA",2016,2,15.4885488505747
"444","LZ_LCRA",2016,3,16.7962987886945
"445","LZ_LCRA",2016,4,18.3927083333333
"446","LZ_LCRA",2016,5,18.1827822580645
"447","LZ_LCRA",2016,6,24.1644166666667
"448","LZ_LCRA",2016,7,27.5922177419355
"449","LZ_LCRA",2016,8,31.1755779569892
"450","LZ_LCRA",2016,9,27.0399444444444
"451","LZ_LCRA",2016,10,26.0684408602151
"452","LZ_LCRA",2016,11,19.5416805555556
"453","LZ_LCRA",2016,12,25.487876344086
"454","LZ_LCRA",2017,1,23.4362768817204
"455","LZ_LCRA",2017,2,20.660818452381
"456","LZ_LCRA",2017,3,23.437133243607
"457","LZ_LCRA",2017,4,24.4774166666667
"458","LZ_LCRA",2017,5,25.6379569892473
"459","LZ_LCRA",2017,6,28.6390833333333
"460","LZ_LCRA",2017,7,31.9057123655914
"461","LZ_LCRA",2017,8,27.6780107526882
"462","LZ_LCRA",2017,9,24.8134305555556
"463","LZ_LCRA",2017,10,24.4842607526882
"464","LZ_LCRA",2017,11,23.047125
"465","LZ_LCRA",2017,12,21.1176612903226
"466","LZ_LCRA",2018,1,38.9925672043011
"467","LZ_LCRA",2018,2,21.7622470238095
"468","LZ_LCRA",2018,3,22.0513055181696
"469","LZ_LCRA",2018,4,22.6440277777778
"470","LZ_LCRA",2018,5,34.7354032258065
"471","LZ_LCRA",2018,6,30.3655555555556
"472","LZ_LCRA",2018,7,79.0699462365591
"473","LZ_LCRA",2018,8,31.8079704301075
"474","LZ_LCRA",2018,9,27.1872638888889
"475","LZ_LCRA",2018,10,30.0698790322581
"476","LZ_LCRA",2018,11,30.5158055555556
"477","LZ_LCRA",2018,12,30.5826612903226
"478","LZ_LCRA",2019,1,24.9363037634409
"479","LZ_LCRA",2019,2,21.6669791666667
"480","LZ_LCRA",2019,3,27.6493135935397
"481","LZ_LCRA",2019,4,23.3147638888889
"482","LZ_LCRA",2019,5,24.5086827956989
"483","LZ_LCRA",2019,6,24.5195416666667
"484","LZ_LCRA",2019,7,29.7479166666667
"485","LZ_LCRA",2019,8,126.670766129032
"486","LZ_LCRA",2019,9,82.4672361111111
"487","LZ_LCRA",2019,10,29.0158064516129
"488","LZ_LCRA",2019,11,24.4852222222222
"489","LZ_LCRA",2019,12,19.4568817204301
"490","LZ_NORTH",2016,1,19.187997311828
"491","LZ_NORTH",2016,2,15.4622126436782
"492","LZ_NORTH",2016,3,17.4615074024226
"493","LZ_NORTH",2016,4,19.0876388888889
"494","LZ_NORTH",2016,5,18.1828897849462
"495","LZ_NORTH",2016,6,23.5626805555556
"496","LZ_NORTH",2016,7,27.4157795698925
"497","LZ_NORTH",2016,8,30.1485752688172
"498","LZ_NORTH",2016,9,26.6058611111111
"499","LZ_NORTH",2016,10,24.5326612903226
"500","LZ_NORTH",2016,11,18.8305138888889
"501","LZ_NORTH",2016,12,25.28625
"502","LZ_NORTH",2017,1,23.6030241935484
"503","LZ_NORTH",2017,2,19.5500148809524
"504","LZ_NORTH",2017,3,21.8394078061911
"505","LZ_NORTH",2017,4,21.9758055555556
"506","LZ_NORTH",2017,5,24.5575134408602
"507","LZ_NORTH",2017,6,26.8937361111111
"508","LZ_NORTH",2017,7,31.1868413978495
"509","LZ_NORTH",2017,8,27.0603629032258
"510","LZ_NORTH",2017,9,23.9684027777778
"511","LZ_NORTH",2017,10,21.9384274193548
"512","LZ_NORTH",2017,11,22.2631666666667
"513","LZ_NORTH",2017,12,21.4081317204301
"514","LZ_NORTH",2018,1,37.7285215053763
"515","LZ_NORTH",2018,2,21.8404613095238
"516","LZ_NORTH",2018,3,22.6405518169583
"517","LZ_NORTH",2018,4,24.3668888888889
"518","LZ_NORTH",2018,5,37.4518817204301
"519","LZ_NORTH",2018,6,31.3016111111111
"520","LZ_NORTH",2018,7,79.8461827956989
"521","LZ_NORTH",2018,8,31.9715860215054
"522","LZ_NORTH",2018,9,27.8858472222222
"523","LZ_NORTH",2018,10,31.6454166666667
"524","LZ_NORTH",2018,11,31.974125
"525","LZ_NORTH",2018,12,31.1319489247312
"526","LZ_NORTH",2019,1,24.3678360215054
"527","LZ_NORTH",2019,2,20.8511458333333
"528","LZ_NORTH",2019,3,28.5940376850606
"529","LZ_NORTH",2019,4,23.7184305555556
"530","LZ_NORTH",2019,5,24.0114516129032
"531","LZ_NORTH",2019,6,25.2079166666667
"532","LZ_NORTH",2019,7,29.8349462365591
"533","LZ_NORTH",2019,8,126.600913978495
"534","LZ_NORTH",2019,9,80.7741527777778
"535","LZ_NORTH",2019,10,28.7329435483871
"536","LZ_NORTH",2019,11,24.1536111111111
"537","LZ_NORTH",2019,12,19.0068010752688
"538","LZ_RAYBN",2016,1,19.4479435483871
"539","LZ_RAYBN",2016,2,15.4004310344828
"540","LZ_RAYBN",2016,3,17.1172409152086
"541","LZ_RAYBN",2016,4,18.8553611111111
"542","LZ_RAYBN",2016,5,18.3209946236559
"543","LZ_RAYBN",2016,6,23.3159444444444
"544","LZ_RAYBN",2016,7,27.4710752688172
"545","LZ_RAYBN",2016,8,30.1497580645161
"546","LZ_RAYBN",2016,9,26.4702638888889
"547","LZ_RAYBN",2016,10,24.4525134408602
"548","LZ_RAYBN",2016,11,18.8753194444444
"549","LZ_RAYBN",2016,12,25.3195564516129
"550","LZ_RAYBN",2017,1,23.3901075268817
"551","LZ_RAYBN",2017,2,20.3691517857143
"552","LZ_RAYBN",2017,3,21.9071601615074
"553","LZ_RAYBN",2017,4,22.2134305555556
"554","LZ_RAYBN",2017,5,24.0013306451613
"555","LZ_RAYBN",2017,6,26.1250416666667
"556","LZ_RAYBN",2017,7,30.760497311828
"557","LZ_RAYBN",2017,8,26.8248252688172
"558","LZ_RAYBN",2017,9,23.5356805555556
"559","LZ_RAYBN",2017,10,21.3799327956989
"560","LZ_RAYBN",2017,11,21.8291805555556
"561","LZ_RAYBN",2017,12,21.3126075268817
"562","LZ_RAYBN",2018,1,39.3701478494624
"563","LZ_RAYBN",2018,2,22.4031696428571
"564","LZ_RAYBN",2018,3,23.8057065948856
"565","LZ_RAYBN",2018,4,27.198875
"566","LZ_RAYBN",2018,5,40.95125
"567","LZ_RAYBN",2018,6,31.9455833333333
"568","LZ_RAYBN",2018,7,84.9019086021505
"569","LZ_RAYBN",2018,8,32.5187231182796
"570","LZ_RAYBN",2018,9,27.6808888888889
"571","LZ_RAYBN",2018,10,30.6249596774194
"572","LZ_RAYBN",2018,11,33.4524444444444
"573","LZ_RAYBN",2018,12,31.5535349462366
"574","LZ_RAYBN",2019,1,24.4114919354839
"575","LZ_RAYBN",2019,2,21.0662797619048
"576","LZ_RAYBN",2019,3,29.809798115747
"577","LZ_RAYBN",2019,4,24.9983055555556
"578","LZ_RAYBN",2019,5,24.7881586021505
"579","LZ_RAYBN",2019,6,25.4585138888889
"580","LZ_RAYBN",2019,7,30.0297177419355
"581","LZ_RAYBN",2019,8,126.897889784946
"582","LZ_RAYBN",2019,9,80.6986388888889
"583","LZ_RAYBN",2019,10,28.5543817204301
"584","LZ_RAYBN",2019,11,24.5175694444444
"585","LZ_RAYBN",2019,12,19.0850672043011
"586","LZ_SOUTH",2016,1,19.4817204301075
"587","LZ_SOUTH",2016,2,15.9358620689655
"588","LZ_SOUTH",2016,3,19.5211440107672
"589","LZ_SOUTH",2016,4,20.738
"590","LZ_SOUTH",2016,5,20.691747311828
"591","LZ_SOUTH",2016,6,27.4716527777778
"592","LZ_SOUTH",2016,7,28.8895833333333
"593","LZ_SOUTH",2016,8,31.8233064516129
"594","LZ_SOUTH",2016,9,28.7620138888889
"595","LZ_SOUTH",2016,10,30.0310349462366
"596","LZ_SOUTH",2016,11,20.6333888888889
"597","LZ_SOUTH",2016,12,26.3268413978495
"598","LZ_SOUTH",2017,1,25.1554838709677
"599","LZ_SOUTH",2017,2,21.7936904761905
"600","LZ_SOUTH",2017,3,26.5282099596232
"601","LZ_SOUTH",2017,4,28.5498888888889
"602","LZ_SOUTH",2017,5,29.9797311827957
"603","LZ_SOUTH",2017,6,36.7834444444444
"604","LZ_SOUTH",2017,7,34.1932930107527
"605","LZ_SOUTH",2017,8,33.4578494623656
"606","LZ_SOUTH",2017,9,28.3303472222222
"607","LZ_SOUTH",2017,10,28.4640188172043
"608","LZ_SOUTH",2017,11,27.8657222222222
"609","LZ_SOUTH",2017,12,25.4042204301075
"610","LZ_SOUTH",2018,1,46.1325672043011
"611","LZ_SOUTH",2018,2,25.1970386904762
"612","LZ_SOUTH",2018,3,26.7599730820996
"613","LZ_SOUTH",2018,4,28.1869722222222
"614","LZ_SOUTH",2018,5,41.2744220430108
"615","LZ_SOUTH",2018,6,32.2586805555556
"616","LZ_SOUTH",2018,7,80.4475672043011
"617","LZ_SOUTH",2018,8,33.6906317204301
"618","LZ_SOUTH",2018,9,28.3837638888889
"619","LZ_SOUTH",2018,10,32.1269758064516
"620","LZ_SOUTH",2018,11,33.5444861111111
"621","LZ_SOUTH",2018,12,32.1127284946237
"622","LZ_SOUTH",2019,1,27.0579032258065
"623","LZ_SOUTH",2019,2,23.7289583333333
"624","LZ_SOUTH",2019,3,30.5294885598923
"625","LZ_SOUTH",2019,4,27.1478333333333
"626","LZ_SOUTH",2019,5,27.2109946236559
"627","LZ_SOUTH",2019,6,27.2595972222222
"628","LZ_SOUTH",2019,7,31.1321639784946
"629","LZ_SOUTH",2019,8,127.109018817204
"630","LZ_SOUTH",2019,9,81.0091111111111
"631","LZ_SOUTH",2019,10,32.9421102150538
"632","LZ_SOUTH",2019,11,25.8037083333333
"633","LZ_SOUTH",2019,12,19.7868817204301
"634","LZ_WEST",2016,1,19.5192607526882
"635","LZ_WEST",2016,2,15.0444827586207
"636","LZ_WEST",2016,3,16.0026514131898
"637","LZ_WEST",2016,4,17.1536666666667
"638","LZ_WEST",2016,5,17.7375268817204
"639","LZ_WEST",2016,6,23.4887638888889
"640","LZ_WEST",2016,7,27.1787903225806
"641","LZ_WEST",2016,8,30.010564516129
"642","LZ_WEST",2016,9,26.7676666666667
"643","LZ_WEST",2016,10,25.1822580645161
"644","LZ_WEST",2016,11,19.3431388888889
"645","LZ_WEST",2016,12,25.1658198924731
"646","LZ_WEST",2017,1,23.2313709677419
"647","LZ_WEST",2017,2,18.4770535714286
"648","LZ_WEST",2017,3,20.251197846568
"649","LZ_WEST",2017,4,20.3885694444444
"650","LZ_WEST",2017,5,22.8677956989247
"651","LZ_WEST",2017,6,27.5123194444444
"652","LZ_WEST",2017,7,31.1301747311828
"653","LZ_WEST",2017,8,27.2139112903226
"654","LZ_WEST",2017,9,27.0117777777778
"655","LZ_WEST",2017,10,22.1733198924731
"656","LZ_WEST",2017,11,22.1529166666667
"657","LZ_WEST",2017,12,21.8722580645161
"658","LZ_WEST",2018,1,37.2933064516129
"659","LZ_WEST",2018,2,22.1241071428571
"660","LZ_WEST",2018,3,22.3016285329744
"661","LZ_WEST",2018,4,21.128125
"662","LZ_WEST",2018,5,49.6001209677419
"663","LZ_WEST",2018,6,57.9675277777778
"664","LZ_WEST",2018,7,101.470967741935
"665","LZ_WEST",2018,8,33.2898521505376
"666","LZ_WEST",2018,9,27.1010972222222
"667","LZ_WEST",2018,10,30.0045564516129
"668","LZ_WEST",2018,11,31.2240277777778
"669","LZ_WEST",2018,12,34.9808467741936
"670","LZ_WEST",2019,1,27.4615322580645
"671","LZ_WEST",2019,2,22.7989583333333
"672","LZ_WEST",2019,3,31.2829609690444
"673","LZ_WEST",2019,4,21.6992361111111
"674","LZ_WEST",2019,5,28.8519892473118
"675","LZ_WEST",2019,6,32.0267777777778
"676","LZ_WEST",2019,7,32.075685483871
"677","LZ_WEST",2019,8,128.876465053763
"678","LZ_WEST",2019,9,83.4711388888889
"679","LZ_WEST",2019,10,49.3833602150538
"680","LZ_WEST",2019,11,49.3408472222222
"681","LZ_WEST",2019,12,39.5025940860215
